elliptical,depth,type
0.06777053393020199,0.18994673032267856,min
1.2095231154547077,6.958660887453783,max
0.45218274739152575,1.068831402378739,median
