elliptical,depth,type
0.00308158293612865,0.03111797880094853,min
0.9681261952068724,1.156612720234186,max
0.15772209062224363,0.19177218002390767,median
