elliptical,depth,type
0.02036558494731661,0.06710830734254646,min
1.3164164999534669,1.9550259622689816,max
0.256395621310047,0.32743442611544826,median
