elliptical,depth,type
0.01385616232988783,0.04917749923156987,min
1.0468306490515125,1.6112856059915854,max
0.21800556326220466,0.2849257884437275,median
