elliptical,depth,type
0.01839338453712201,0.05108212475999552,min
0.918392306689812,1.9881713710693376,max
0.20384718568124421,0.20322405034338126,median
