elliptical,depth,type
0.03189457721552295,0.07621651565107947,min
3.5547004398918114,3.873444889575643,max
0.3240672646709472,0.4504653432511291,median
