elliptical,depth,type
0.00902100944499881,0.07052908767773688,min
1.6137568487219676,1.427732292543901,max
0.1815540157618789,0.2712149798062762,median
