elliptical,depth,type
0.02977968353766323,0.06273250261395909,min
1.007549813517587,2.051788800496653,max
0.3782220383473634,0.24427949875061739,median
