elliptical,depth,type
0.03079834523129852,0.08824488387611049,min
1.6307025568232278,2.467608572138433,max
0.28736073844839255,0.3346810216412545,median
