elliptical,depth,type
0.03620291247941646,0.15419579866747207,min
1.2679100139861796,3.5797184260931765,max
0.30734863380991634,0.5857268089030183,median
