elliptical,depth,type
0.01864140309576795,0.09923592659428636,min
2.112680030244506,2.800868763599198,max
0.3541581328590111,0.470041617799569,median
