elliptical,depth,type
0.25829978880176246,0.06320039155493008,min
0.8418725324466378,0.76122688537679,max
0.6120815699875133,0.2995186400756533,median
