elliptical,depth,type
0.01491157009725368,0.04739344226877354,min
0.9428949725842184,1.396071101725034,max
0.24276917651588653,0.2580664050968178,median
