elliptical,depth,type
0.03338237338155062,0.076663820575304,min
1.303281673826222,2.799654919895435,max
0.30253068156226903,0.3688971780949351,median
