elliptical,depth,type
0.01295489656011062,0.07550162509153277,min
2.267911732827063,3.905099126113151,max
0.3189474364357634,0.4426040445036584,median
