elliptical,depth,type
0.00830706227456235,0.03941049284395215,min
1.0510216641515866,1.3196196288509172,max
0.18802180146927425,0.2347974534274609,median
