elliptical,depth,type
0.00831896152939539,0.03512246377254143,min
0.934292677306254,1.2823140285611592,max
0.20813364997045355,0.23966217457383515,median
