elliptical,depth,type
0.02215405823307539,0.0903125887545288,min
2.014915968708968,3.854845068072301,max
0.41529136664471306,0.5146840237595484,median
