elliptical,depth,type
0.00500068716427147,0.02427568261320471,min
0.8443179309017723,1.0200595111851265,max
0.14023166120788755,0.17490942086289923,median
