elliptical,depth,type
0.00890055226933922,0.03733756017620967,min
0.5398381156192626,1.0034999015499872,max
0.1525848392068936,0.16662953969050073,median
