elliptical,depth,type
0.01904623813587832,0.0913476006524469,min
1.130993311156271,2.3872718205611685,max
0.31061587520713335,0.423492855197498,median
