elliptical,depth,type
0.01864320750931237,0.123411373450242,min
2.1126288182016197,2.132165836505524,max
0.3541435983981147,0.5704026322549682,median
