elliptical,depth,type
0.01991399821214493,0.04004981028620956,min
0.6888819435433915,1.4795839552369714,max
0.1670282983541828,0.17370874515126433,median
