elliptical,depth,type
0.04194609474189793,0.1008451233022998,min
0.7835826962215787,1.406122091443084,max
0.29014892939225534,0.3191013949282325,median
