elliptical,depth,type
0.03319176510895328,0.04150645411773755,min
1.304118672097205,1.8205378886270465,max
0.3028355772625219,0.33951246687885817,median
