elliptical,depth,type
0.07821221162258785,0.09940993966339833,min
0.9939657543637136,1.2297308510737726,max
0.8009531303702491,0.5112155547571274,median
