elliptical,depth,type
0.01666204485064908,0.10614210555957564,min
1.5616061971154622,1.6963263636094317,max
0.2765047799735062,0.5341752992339248,median
