elliptical,depth,type
0.02542710943941015,0.08414203498061938,min
1.3123642333320438,2.132557484632307,max
0.24829621157174858,0.3136391020392586,median
