elliptical,depth,type
0.00882223598221541,0.02943816750645536,min
0.7013205972601478,0.9916619458683016,max
0.1738182001130843,0.19902121274185752,median
