elliptical,depth,type
0.02007345524560743,0.07758751638197439,min
1.0332168608458157,1.8305297041455972,max
0.21031585396913688,0.29286035057764126,median
