elliptical,depth,type
0.00862332419555044,0.04375959529757383,min
1.6147206507740417,2.0504191477411764,max
0.18167098182666178,0.24103427352570486,median
