elliptical,depth,type
0.01772603362052834,0.08223384138989083,min
1.2212422507941532,1.7433711628737552,max
0.2029380514836744,0.3116860545439297,median
