elliptical,depth,type
0.00530945368847741,0.02574926887127889,min
0.5292062290377448,0.762962300177483,max
0.14103304422109916,0.1656750932266671,median
