elliptical,depth,type
0.7393156457605148,0.41022953508691934,min
0.963810078663197,0.8921144599115369,max
0.8715983492324331,0.6709098145475978,median
