elliptical,depth,type
0.03420027360148563,0.0816777049731471,min
0.8407670188991883,1.4106383859398746,max
0.3573392398098183,0.33637170646954784,median
