elliptical,depth,type
0.01295492647763888,0.07762359776625635,min
2.2679655484055563,3.061893871049936,max
0.31896285301555294,0.4100296531485245,median
