elliptical,depth,type
0.00646343742680462,0.07166837718558638,min
2.344837862891386,2.045831054502834,max
0.23312808303827912,0.3185873316619569,median
