elliptical,depth,type
0.03316168466801541,0.07686116596399518,min
1.3040874827489213,2.8012666416403462,max
0.30283787249835076,0.3692110255746915,median
