elliptical,depth,type
0.03730530567265249,0.1944516758653936,min
1.572295278478115,4.168665828983265,max
0.38205450056881773,0.5905505140423886,median
