elliptical,depth,type
0.00841370177461706,0.04104196527755807,min
1.2329859668110552,1.5325970261558888,max
0.2059926508494048,0.25833142070742954,median
