elliptical,depth,type
0.05966039635009581,0.07929932665110642,min
0.7607465080774672,1.3429384024174122,max
0.5616940088668423,0.19823959631091825,median
