elliptical,depth,type
0.00531578026095633,0.01946511827201242,min
0.591832295517817,0.8297297914178556,max
0.15514390016771892,0.17681696774699066,median
