elliptical,depth,type
0.02926639449286468,0.13011870770075373,min
0.7702347043273359,3.105613011934678,max
0.32535275074497644,0.36983710791902535,median
