elliptical,depth,type
0.0255241691331118,0.05878512917664917,min
1.9727835264815616,2.9902823137086787,max
0.2419327279491883,0.3161638829274185,median
