elliptical,depth,type
0.01040959213772904,0.02946447968824625,min
0.5377732731639135,0.919540900850384,max
0.17978813939441113,0.20153712607148722,median
