elliptical,depth,type
0.02284547093226951,0.13288391041858863,min
3.6164905096769098,6.2785446270555685,max
0.40410571919292615,0.6135594935540996,median
