elliptical,depth,type
0.04557996992570561,0.06879684017450984,min
1.1726017023738902,2.231429480979192,max
0.5174431545970015,0.3646434166138789,median
