elliptical,depth,type
0.00599948403206394,0.03902001445183552,min
0.6050600233792097,1.1021409670874598,max
0.16631296583242527,0.17814336730207975,median
