elliptical,depth,type
0.00792553094708974,0.04156763981411403,min
0.5327896077307152,0.7398396946138285,max
0.14122928969421986,0.13029251904328903,median
