elliptical,depth,type
0.00147981479519562,0.03654660172299394,min
1.1003547319062017,1.302529085118259,max
0.17829346725605563,0.2075891928907908,median
