elliptical,depth,type
0.01036827883986658,0.03727463716168493,min
0.4768834601934084,0.909147523727143,max
0.1392016518631352,0.154058056598182,median
