elliptical,depth,type
0.00480215776860365,0.02099429137015462,min
0.6570484316656375,0.8990556387026081,max
0.17051669618637705,0.18015667346669675,median
