elliptical,depth,type
0.04091870272365552,0.05023435147036717,min
0.8844896329619814,1.401839329999581,max
0.41924654165559494,0.3433528293238919,median
