elliptical,depth,type
0.00308158086008201,0.0303454101605839,min
0.9681719651970814,1.4898031819795192,max
0.1577214935006862,0.1857855086346616,median
