elliptical,depth,type
0.00889143711053386,0.02766383359882419,min
0.5397910495155283,0.8746951474007401,max
0.152582517816306,0.17301790266021314,median
