elliptical,depth,type
0.01538475725344965,0.06421219499079502,min
0.942315204926059,2.0463864715325477,max
0.24250760494605245,0.3106679112778542,median
