elliptical,depth,type
0.05561534766046515,0.17796765409911872,min
2.2623823326660104,8.25188684366096,max
0.40904853010650616,0.8913384154260087,median
