elliptical,depth,type
0.6925005757247641,0.06350446367975209,min
0.8981628314146557,0.6487346724392508,max
0.8084367869836305,0.35869507496027625,median
