elliptical,depth,type
0.0097110637524957,0.06224329446549659,min
1.6683039573843848,2.1390346790685553,max
0.2917665721895277,0.35235048269808433,median
