elliptical,depth,type
0.13559848675132896,0.0405881140028771,min
0.7930260664509742,0.6468400078049653,max
0.5746804377404933,0.2829501588759171,median
