elliptical,depth,type
0.06531536288947398,0.1114017375605314,min
0.8937847995195719,3.495735197917191,max
0.4488537154345701,0.3641118422396712,median
