elliptical,depth,type
0.02066846617491002,0.0632534652935814,min
1.1170109117536684,1.9480354794466792,max
0.2219776817900086,0.32054895332875055,median
