elliptical,depth,type
0.19695989287160623,0.0992291377839386,min
0.963591366020108,0.875247820401858,max
0.8192182177413248,0.5887426533580156,median
