elliptical,depth,type
0.03561017881571644,0.16022393052135445,min
1.8920810958859948,4.753831957514697,max
0.4525967397054105,0.5851015501461031,median
