elliptical,depth,type
0.00437871374640554,0.03053296868355824,min
0.9675990667283948,1.4889261884916003,max
0.1576365890091087,0.18573843354707897,median
