elliptical,depth,type
0.02461160320753119,0.13101424622875257,min
1.8865402144809995,3.3614540573974923,max
0.3115204301219491,0.5119748051518286,median
