elliptical,depth,type
0.01169158783384924,0.02614564283195836,min
0.47659767973131834,0.8576707604305656,max
0.16596579611150902,0.18026226724659672,median
