elliptical,depth,type
0.01610280868035337,0.07566776221717005,min
1.7506475274721145,3.113943373530333,max
0.28959220779539485,0.41681479397682963,median
