elliptical,depth,type
0.00931056876843797,0.04281561512000309,min
0.595042973560027,0.8010784226674975,max
0.15517759015583332,0.13860501142192916,median
