elliptical,depth,type
0.02392782580682162,0.09055496696039884,min
0.7002978416084955,1.4777995850186243,max
0.4897192906152802,0.25774285353798987,median
