elliptical,depth,type
0.00598732145509255,0.02651411543940747,min
0.6050109446986602,0.953217473948758,max
0.16631610055000323,0.1742698638037608,median
