elliptical,depth,type
0.02754118249221718,0.04960720000882488,min
2.3548266324481366,3.081254456026807,max
0.2839964914960456,0.3751141720048384,median
