elliptical,depth,type
0.1424151470373198,0.15738869269363523,min
0.9353019275244664,2.7712588376132885,max
0.734948938750784,0.4557888500256637,median
