elliptical,depth,type
0.02611055162084646,0.16120911716925054,min
1.678694323840984,3.009027149275448,max
0.37830965856442866,0.4317495090472948,median
