elliptical,depth,type
0.01908423142758705,0.11801279288562944,min
2.782472857513826,2.6379969689754095,max
0.46071468463519827,0.6010530978222259,median
