elliptical,depth,type
0.01300308428104664,0.07543106683873355,min
2.2657111727769044,3.9004470954945263,max
0.31879714692937977,0.44246356842830303,median
