elliptical,depth,type
0.00593315082591972,0.03145492815954447,min
0.8438744965794254,1.2884463872073204,max
0.13994712798916178,0.17267667566069564,median
