elliptical,depth,type
0.02842339680446329,0.06773007623714711,min
1.1156858120424276,2.403186016754647,max
0.27341652615036494,0.3399477352731748,median
