elliptical,depth,type
0.09513677693398158,0.09680219578886036,min
0.8770055862686187,1.323719297112366,max
0.6557077732961782,0.33722760243722494,median
