elliptical,depth,type
0.00147981228421199,0.02987078214220193,min
1.100403617370553,1.7082915706802757,max
0.1782950785772706,0.20019419195760318,median
