elliptical,depth,type
0.01869880716054486,0.12350115207754744,min
2.1105714397321145,2.1303241315041324,max
0.35399347695864536,0.5757495724788328,median
