elliptical,depth,type
0.01619382931947201,0.09669275378204756,min
1.5631991743116949,2.118112694439555,max
0.2765444061502053,0.42435081332030394,median
