elliptical,depth,type
0.0188492018425283,0.08078272793232277,min
0.8761407629860273,1.22926079717682,max
0.16301054190909503,0.24405580976205118,median
