elliptical,depth,type
0.01039921180706376,0.0371580672599572,min
0.47728940484134547,0.9095425288507272,max
0.1392431647189442,0.1540329691108937,median
