elliptical,depth,type
0.00500068509221874,0.0312686267078217,min
0.8443607884408707,1.2891880793371924,max
0.14022254243158497,0.17274766528633329,median
