elliptical,depth,type
0.01618838809486538,0.03489826795722923,min
1.563157140695764,1.6978007943771745,max
0.2765702385193024,0.5314247362884819,median
