elliptical,depth,type
0.06417580193206981,0.16271196129743762,min
1.8726289799165117,6.742631520316782,max
0.3481034429861687,0.8941455436145402,median
