elliptical,depth,type
0.0103973836464826,0.02586846404962946,min
0.477244266937381,0.7993647852254563,max
0.13924950387742246,0.16292606323415665,median
