elliptical,depth,type
0.02444256240741152,0.08149884939335442,min
3.561918167638928,4.954002358284845,max
0.3274548409117627,0.3927845813107914,median
