elliptical,depth,type
0.03506403421452037,0.10633678415495536,min
4.075459363061057,6.611522560120488,max
0.35166629945923555,0.610299962436135,median
