elliptical,depth,type
0.04645222700975771,0.1140793087973443,min
0.8289769413367184,2.515194587621228,max
0.389932436915438,0.44006528809899587,median
