elliptical,depth,type
0.01132569883601139,0.07124440940313835,min
1.9563897493026,1.7189796513232551,max
0.20657036661619305,0.2937786655875229,median
