elliptical,depth,type
0.00299654689515583,0.03012929564850046,min
1.0997382470242951,1.707267286487888,max
0.17812678301060264,0.20004056024991318,median
