elliptical,depth,type
0.8108709172789518,0.5014803686824911,min
0.9710709186557436,0.8944018367374561,max
0.9047942050806762,0.765126674094853,median
