elliptical,depth,type
0.03395571971474221,0.10264211432232244,min
2.349789034068515,3.666642399786048,max
0.28436701766646805,0.5415164329778814,median
