elliptical,depth,type
0.04613072561081614,0.1107754647120933,min
2.1976829970777545,7.158115515228778,max
0.36940992433667863,0.5376984946373653,median
