elliptical,depth,type
0.01105687207253004,0.04331211141190173,min
1.957584831342274,2.445714461007626,max
0.20665257210670346,0.26415468633212874,median
