elliptical,depth,type
0.0731751766662856,0.1900504419797366,min
1.3117801369614448,7.802287004159289,max
0.49313864231953647,0.8479339861116622,median
