elliptical,depth,type
0.02860988999755412,0.04939582414953465,min
4.089263545606043,5.484492143063679,max
0.35821623029238847,0.4889852007280841,median
