elliptical,depth,type
0.00840739503187978,0.03786413835927508,min
0.8840596992230059,1.124787529793318,max
0.16671468883963858,0.2119828792187311,median
