elliptical,depth,type
0.01918491471895809,0.11802745630693703,min
2.779797677359553,2.635727582546765,max
0.4605276286129502,0.6035922663924336,median
