elliptical,depth,type
0.03135105812748188,0.07798691042614751,min
1.9722922602595545,2.500488079812889,max
0.24355699424526234,0.38562496457847545,median
