elliptical,depth,type
0.04220879730254581,0.16180204744632995,min
1.7870937516222705,5.440885448325823,max
0.30602781911542043,0.5894244879516828,median
