elliptical,depth,type
0.01489905238431053,0.06424127085083567,min
0.9428687321584688,2.0475216514916332,max
0.24277164703596565,0.310704860377822,median
