elliptical,depth,type
0.01105631167838617,0.07125347224472298,min
1.957654028285028,1.7201062338935924,max
0.20667185538695904,0.29411421253149245,median
