elliptical,depth,type
0.02467504034751562,0.04910539442495525,min
3.1300055789800494,4.140657327860658,max
0.3390520678540874,0.42240310211674315,median
