elliptical,depth,type
0.02235230680232336,0.1344140745750058,min
2.5751586060875833,4.628454353070584,max
0.36133470737130446,0.5615852775921938,median
