elliptical,depth,type
0.6660870948142038,0.24642312950497663,min
0.934796222589398,0.8326139143852521,max
0.8206620697923279,0.5534099404033885,median
