elliptical,depth,type
0.17588297375984915,0.04354140634804201,min
0.7883158514092691,0.6821514254329777,max
0.535982125682023,0.24325512203685432,median
