elliptical,depth,type
0.10869537151423714,0.09758834734167504,min
0.9287632958682348,1.1039546243221312,max
0.7486699420253639,0.4445790085987719,median
