elliptical,depth,type
0.0085161865868346,0.03557231470170093,min
0.7024057607428612,1.2934894381463289,max
0.17571211046056484,0.206730389178403,median
