elliptical,depth,type
0.00954233725129915,0.02840227701155386,min
0.4340478431375164,0.7978277809165949,max
0.15213624633019524,0.17654691596283623,median
