elliptical,depth,type
0.02998205303115501,0.0769411608867013,min
2.67735345033044,3.1287752302024487,max
0.2844254301017705,0.41848310941009015,median
