elliptical,depth,type
0.00820734057979051,0.05969101154529713,min
1.3959301174944467,1.819403905560475,max
0.264041925119844,0.31958956799340127,median
