elliptical,depth,type
0.00914831618257631,0.03731030101673514,min
0.5393808407931242,1.0030459855078813,max
0.15229292404190004,0.16667450825562363,median
