elliptical,depth,type
0.6807025417714909,0.1948192713972465,min
0.9123200271446392,0.7653394411831723,max
0.8137102816564692,0.5615728954209762,median
