elliptical,depth,type
0.01905835745868935,0.10334251006928707,min
2.7825353282704417,3.6369763125114103,max
0.46073313128851323,0.5174334513532695,median
