elliptical,depth,type
0.06455071004629634,0.0969196844543203,min
0.8905719045269864,2.675315706331669,max
0.47078134494615365,0.43907632349215336,median
