elliptical,depth,type
0.02843869629745488,0.0429257261497925,min
1.115714417622422,1.5995264502068054,max
0.2734141449297056,0.29811096188206043,median
