elliptical,depth,type
0.02029597682749272,0.0759794951561856,min
1.3150549596064127,2.449879553553095,max
0.25616324420999487,0.39273585177456594,median
