elliptical,depth,type
0.01325268726519035,0.05134902953704252,min
1.329624553388789,1.913578993628466,max
0.2532656318965053,0.31329939775379617,median
