elliptical,depth,type
0.00662664007323949,0.03897128900793954,min
0.6045492244810662,1.1016252247737546,max
0.16604122462444557,0.17793452599195844,median
