elliptical,depth,type
0.04210672247122365,0.1041275965821932,min
1.933587717817217,3.1609531187753883,max
0.5801567682154144,0.4753748446615834,median
