elliptical,depth,type
0.05655778381794527,0.2127313982011957,min
1.093313387940017,6.090183824163237,max
0.3695735920863594,1.2618692092829846,median
