elliptical,depth,type
0.08321943354797928,0.14361405398645138,min
0.8981877791271781,3.0751013345840845,max
0.6593201435512384,0.4352757935780729,median
