elliptical,depth,type
0.1581703672992546,0.08670427227144145,min
0.93015881662477,1.8047800501967828,max
0.6252192211179428,0.2767660315018619,median
