elliptical,depth,type
0.21911710297629447,0.05690928612556888,min
0.9684020624626662,1.5227953249021733,max
0.7254108678890056,0.3740964958391626,median
