elliptical,depth,type
0.00749645535375381,0.05451542771272699,min
1.1518344412079604,1.5329183627130765,max
0.23522893805461284,0.28958727028217646,median
