elliptical,depth,type
0.00591544655220313,0.07158924936298432,min
2.346373401590013,2.047189298755151,max
0.2331534920716838,0.3186421349223816,median
