elliptical,depth,type
0.6192133329188619,0.05345646151809136,min
0.8578338833384818,0.5206969013536807,max
0.7507504469477806,0.19535872226108175,median
