elliptical,depth,type
0.02293019216638229,0.05256822259910118,min
1.6521204442231072,2.251519997361285,max
0.29036536729976037,0.3306635976171214,median
