elliptical,depth,type
0.00847375757551257,0.0318086965740254,min
0.8140284495529707,1.1319751649356151,max
0.19026712510591717,0.2211037682054032,median
