elliptical,depth,type
0.02944179052042453,0.14920459250009457,min
1.8199712708203293,3.1168192296581423,max
0.4867402724505714,0.4127674267142531,median
