elliptical,depth,type
0.04758928626468151,0.12377002723786816,min
0.8343001889974552,3.308137250683509,max
0.3867332875786672,0.34162936097583396,median
