elliptical,depth,type
0.06128685208041821,0.12468960492121794,min
0.8451197652241053,3.327800200470989,max
0.57270281826696,0.6606382110941508,median
