elliptical,depth,type
0.01610358499998153,0.07636977862290696,min
1.7506926875234023,2.46368215520122,max
0.2895905385335086,0.36788504000660394,median
