elliptical,depth,type
0.02837419620575182,0.06767499444944396,min
1.115011564140348,2.401825809467326,max
0.27313047207416374,0.3396540165076138,median
