elliptical,depth,type
0.00932805295329124,0.04735705534491551,min
0.6598714546812695,0.8645137831014288,max
0.17038484325923411,0.15036215720631702,median
