elliptical,depth,type
0.3351736538081673,0.05647504766175374,min
0.8834130683824603,0.822155766321068,max
0.6775432867194104,0.4087929525951953,median
