elliptical,depth,type
0.02293672144942105,0.06262040671948009,min
1.7016650502937474,2.6642302108920433,max
0.2864465492143007,0.34539994913226246,median
