elliptical,depth,type
0.7978196036013411,0.5409619285305763,min
0.9850135702545696,0.9335067654654028,max
0.9099897716748402,0.7592980799443664,median
