elliptical,depth,type
0.01162190400355611,0.03375501242896113,min
0.9709415340149612,1.6905448087815913,max
0.20670272861451533,0.2410618769621365,median
