elliptical,depth,type
0.7524506801830817,0.12375263253586943,min
0.928441021964466,0.7435674959259924,max
0.8537960999678126,0.5024846399486236,median
