elliptical,depth,type
0.02977387106621971,0.10432652908585598,min
3.121014563039964,4.95368121987875,max
0.3352353807305757,0.5812781151321054,median
