elliptical,depth,type
0.05754472247617593,0.20092922237300131,min
2.6737242073933714,9.915623677986533,max
0.45334920172523835,0.8609222805111709,median
