elliptical,depth,type
0.01821129603899533,0.08145384537912662,min
1.0412720926242522,1.4727165030598468,max
0.183530869671232,0.2775851616868604,median
