elliptical,depth,type
0.01908971968577501,0.04458613708910392,min
0.7999152441355496,1.7217721561137735,max
0.18335948183256406,0.1854308413569905,median
