elliptical,depth,type
0.01652650678188424,0.07561022101445827,min
1.7489238071401096,3.110180550396481,max
0.2893042120206719,0.4164387028763467,median
