elliptical,depth,type
0.01989449713128098,0.09073953234222808,min
1.5194253058598892,3.0535581124837297,max
0.36493853354176975,0.4695072812974883,median
