elliptical,depth,type
0.04210672247122365,0.1041275965821932,min
1.9335877178172176,3.1609531187753883,max
0.5801567682154144,0.47537484466158336,median
