elliptical,depth,type
0.11507117129011848,0.09411393010386115,min
0.8116752954984081,1.2034677192193244,max
0.6245616901298794,0.24613293243914247,median
