elliptical,depth,type
0.2994737522537229,0.05611949501930873,min
0.8814691049913106,0.7942880742111899,max
0.7126401913517666,0.5001281980352326,median
