elliptical,depth,type
0.01105687207253004,0.04331211141190173,min
1.9575848313422737,2.445714461007626,max
0.2066525721067034,0.26415468633212874,median
