elliptical,depth,type
0.03812303530991052,0.07695419432579402,min
1.0931638164823554,2.1494586981316735,max
0.4495801630234464,0.2942464448876822,median
