elliptical,depth,type
0.22143307038149343,0.05207917027837293,min
0.8424494945972022,0.7295102015089732,max
0.6496055845585428,0.3979395330434403,median
