elliptical,depth,type
0.01022426210322222,0.03438908993574235,min
0.8316754882925274,1.48394311193756,max
0.1912532671940521,0.22246823988024675,median
