elliptical,depth,type
0.7533716684993489,0.36470629322611253,min
0.9463310766856516,0.8408580326053257,max
0.8655579417156608,0.6778753594076035,median
