elliptical,depth,type
0.04212608744082493,0.14260064891286933,min
2.6342673947692345,9.223356232524637,max
0.4466887997678772,0.5627634270696964,median
