elliptical,depth,type
0.02484465432304688,0.06768371341143932,min
2.680871505097979,3.871689935033491,max
0.2868247940630474,0.35566515560241496,median
