elliptical,depth,type
0.00591539789982873,0.04290567964671831,min
2.346294933316219,2.893375261240086,max
0.23314277034758035,0.2884878265402838,median
