elliptical,depth,type
0.02034806790853626,0.0760259617798287,min
1.316378570380186,2.4529017874824364,max
0.256396027017906,0.39326319211593996,median
