elliptical,depth,type
0.02380861509005557,0.05984749225577533,min
1.3912028776076513,2.2862622219862505,max
0.258511313373605,0.3288792874984884,median
