elliptical,depth,type
0.00862336467111999,0.07053326203079058,min
1.6147817008869656,1.4286523167291525,max
0.18168945973124329,0.27150440572797735,median
