elliptical,depth,type
0.03574725717841927,0.13359178613518194,min
0.9334459482991786,2.7957439787410197,max
0.5394172127776844,0.47378358076891636,median
